Section,Item,Qty,Unit low (USD),Unit high (USD),Line low (USD),Line high (USD),Kind / status,Basis / note
Tier 1 cash,"The moon: the artist's 2.5 m walk-in zorb (TPU sphere), one person inside at a time, projected onto; diffusing liner or skin treatment allowance",1,0,700,0,700,allowance,"Andrew, September 30, 2026: the moon IS the zorb. If he owns it the line is USD 0 plus a diffusing liner or frosting allowance; if a zorb must be bought it is a different price class (3 m TPU zorbs weigh 80-100 kg; prices not researched here) and Andrew prices it before the build. Earlier event-sphere ranges (EUR 155-520, USD 190-690) are retained only as the light-sphere fallback."
Tier 1 cash,"Optoma HD146X 1080p DLP projector, 3,600 lumens",2,499,599,998,1198,observed price,"Street price USD 499 (ProjectorCentral; Amazon deal listing); Walmart USD 569; AVI-SPL and CompSource USD 599. Purchase, not the USD 495/day rental used by the earlier pricing study. Standard throw 1.47-1.62 fills a 2.5 m sphere from 4 m. Codex's projector workbook (40 to 20, source/research/2026-09-30) screened short-throw heads for the 3.4 m design; its cheapest, the Optoma ZH350ST laser at USD 1,499, is the upgrade path (1.25 m from the sphere, no lamp), not the Seed choice."
Tier 1 cash,Output node at the projectors: Intel N100-class mini PC with two HDMI plus DisplayPort or USB-C (three heads possible) that receives the finished picture from the laptop over the private Wi-Fi and feeds the heads over HDMI; the artist's laptop does the real-time compositing (in-kind) and can drive the heads directly instead,1,0,200,0,200,observed price,"Andrew's direction, October 1, 2026: the laptop does the heavy real-time processing; a cheap mini PC on the Wi-Fi just does the HDMI. N100 fanless mini PCs supporting three displays listed at USD 149.50-199.50; basic N100 units USD 110-142. Low is USD 0 if the laptop sits at the heads and drives them directly. Projectors are HDMI only: the Optoma HD146X has no wireless input, cheap wireless projectors are too dim, and wireless HDMI kits (USD 65-150, 60-120 ms latency) are no better than a stream to the node, so HDMI cables run from the node to the heads."
Tier 1 cash,Output-node accessories: weatherproof box and HDMI leads to the heads (the private Wi-Fi comes from the artist's own UniFi router),1,40,90,40,90,allowance,"Accessory allowance; itemise from the chosen retailer. No access point to buy: the UniFi router Andrew owns runs the private network (October 1, 2026)."
Tier 1 cash,"Old phones inside the zorb running the project's own app: camera feed and mic feed to the laptop, framing the person seated inside (owned, or second-hand at Andrew's USD 25 budget)",2,0,25,0,50,allowance,"Andrew's direction, October 1, 2026: USD 25 phones inside the zorb with a custom app that streams camera and mic to the laptop. Spoken trigger: nothing is projected until the person inside says 'I am the man on the moon' (or woman, or whatever they are); offline speech recognition on the laptop listens for the phrase through the phone mics, and the stop switch inside is the fallback trigger. Any Android or iPhone with a camera and Wi-Fi works; no service plan is needed for a local camera app, and the stream is composited live on the host and never stored. They go in before inflation on internal mounts with a USB power bank; a light diffusing treatment of the skin holds the image while the person inside stays visible, settled at the bench test; no haze inside an occupied sphere. Fallback if no old phones turn up: a new Straight Talk Moto G Play 2026 at USD 49.88 (Walmart)."
Tier 1 cash,Phone mounts and power inside the zorb: suction or strap mounts on the inner wall and a USB power bank per phone; or an 11 in magic arm per phone if they ride the triangle corners instead,2,15,22,30,44,observed price,Priced at the magic-arm figure as the ceiling: TARION 11 in magic arm with super clamp USD 19.99 (Best Buy); Niewalda 11 in with phone clip USD 21.68 (Walmart); unbranded USD 14.99-15.03 (eBay). Inside the zorb a suction or strap mount costs less; a small power bank per phone is in the same allowance. A gooseneck phone clamp (USD 7-13 at Walmart) is the snaky alternative outside but sags in wind.
Tier 1 cash,"Weatherproof switches: one at the tunnel (turns the AV inside on going in, off going out), one inside within reach of the seat (stops the show)",2,10,20,20,40,allowance,"Andrew's direction, October 1, 2026: a switch going in turns the AV inside on and off, so the cameras and mics are live only while someone is inside; the inside switch is the occupant's stop. Wired to the laptop over USB or read by the phones' app; allowance until a part is chosen."
Tier 1 cash,13 ft heavy-duty light stand for each projector,2,64,64,128,128,observed price,"Flashpoint Pro 13 ft air-cushioned heavy-duty light stand about USD 64 (Amazon). The USD 39.95 In the Breeze pole seen earlier is a fabric-decor flag pole, not a load-bearing stand, and is dropped. Sandbags are in the rigging kit."
Tier 1 cash,Universal projector bracket per stand,2,18,19,36,38,observed price,APPLAYERR heavy-duty stand USD 17.95; TAPDRA universal bracket USD 18.96 (Walmart listings).
Tier 1 cash,Rain and salt-spray cover per projector (vented box or hood),2,60,150,120,300,allowance,No product selected; a sealed enclosure is a different price class. Projectors run only in dry conditions and are boxed when unattended.
Tier 1 cash,"Rigging kit: hand winch with brake, block, rated halyard, three-line bridle, rated lyra-style swivel, optional porch-swing springs, round slings, screw-pin shackles, carabiners, safety sling, two tag lines, ratchet straps, sandbags",1,150,400,150,400,allowance,Hardware allowance for an unoccupied zorb of tens of kilograms on rated gear; the winch-and-block lowering design and the seat (padded loop in a fabricated triangle) are in docs/grant-prior-art-and-mounts.md. A lyra rigging kit with 360-degree swivel lists at about USD 74; heavy-duty porch swing springs USD 8-18 a pair. The rigger confirms the final list against the rig's own manual.
Tier 1 cash,"Outdoor-rated cords, inline GFCI, cable ramps, weatherproof power box",1,150,300,150,300,allowance,Electrical distribution allowance for one supplied circuit; the event electrician confirms the connection.
Tier 1 cash,Weather-resistant powered speaker fed from the Pi,1,100,250,100,250,allowance,Low-level ambient sound only; no product selected.
Tier 1 cash,"Landed configuration: three pinned tube legs with foot pads for the triangle, mats and sandbags",1,100,300,100,300,allowance,"Andrew's lander idea, October 1, 2026: on the ground the moon stands on three legs pinned to the triangle corners like a landed probe, centre at 1.7 m, top under 10 ft, rig-free; used when placement refuses a rig, in wind, and as the nightly landing. Legs are the same tube as the triangle (about 3 x 1.2 m), fabricated with the basket; this line covers tube, pads, pins, mats and sandbags. No wooden platform: legs only."
Tier 1 cash,"Repair kit, tape, spare blower fuse, batteries, lens cloths",1,50,150,50,150,allowance,Consumables.
Tier 1 cash,"Basket under the sphere: a 3.1-3.5 m straight-tube triangle (or a 1.8-2.0 m rolled ring) in 1 in EMT or 3/4 in steel tube, three-rope bridle, pads, three straps over the top",1,60,180,60,180,allowance,"Andrew's design, September 30, 2026: nothing attaches to the sphere skin; a bought lyra is too small; rope bridle instead of rigid legs so nothing shadows the projection. Fabricated at Denhac with Odd Todd; labour is in-kind. Materials allowance only; tube price to be confirmed at purchase. Geometry and weight in docs/grant-prior-art-and-mounts.md."
Tier 1 cash,Subtotal,,,,1982,4368,,
Tier 1 cash,Contingency 20%,,,,396,874,,
Tier 1 cash,TOTAL CASH BUILD,,,,2378,5242,,
"Third projector (continuous wrap), with contingency",Third Optoma HD146X for a continuous 120-degree wrap,1,499,599,499,599,observed price,Same sources as the Tier 1 projectors.
"Third projector (continuous wrap), with contingency","Third stand, bracket and cover",1,118,233,118,233,allowance,"Sum of the Tier 1 stand, bracket and cover lines per projector."
"Third projector (continuous wrap), with contingency","Second Raspberry Pi 5 kit for the third output, synchronised over Wi-Fi",1,135,289,135,289,allowance,Sum of the Tier 1 Pi and accessory lines; a Pi 5 drives two projectors.
"Third projector (continuous wrap), with contingency",Total with 20% contingency,,,,902,1345,,
"Tier 2 add-on (four projectors), with contingency",Two more Optoma HD146X projectors for four-sided coverage,2,499,599,998,1198,observed price,Same sources as the Tier 1 projectors.
"Tier 2 add-on (four projectors), with contingency","Two more stands, brackets and covers",2,118,233,236,466,allowance,"Sum of the Tier 1 stand, bracket and cover lines per projector."
"Tier 2 add-on (four projectors), with contingency","Second Raspberry Pi 5 with accessories, synchronised over Wi-Fi",1,135,289,135,289,allowance,Sum of the Tier 1 Pi and accessory lines.
"Tier 2 add-on (four projectors), with contingency",Total with 20% contingency,,,,1643,2344,,
"Option B truss goalpost, artist-funded, with contingency","ProX XT-CRANK14FT-220 14 ft crank stand, 220 lb, TUV certified, 63 in base",2,316,400,632,800,observed price,"Sale prices USD 316-400 across idjnow, B&H, Full Compass and others (list USD 959.99). Two stands form a goalpost; cranking down is the wind plan."
"Option B truss goalpost, artist-funded, with contingency",10 ft aluminium truss span between the stands,1,170,600,170,600,observed price,ProX T-LS31M 10 ft DJ lighting truss USD 169.95 (Walmart); ProX XT-BTD1210 10 ft I-beam box truss USD 309.40 (idjnow); Global Truss F34 9 ft USD 600 (B&H). The span's own rating and the clamp to the stand tops decide the choice.
"Option B truss goalpost, artist-funded, with contingency","Two half-couplers, safety steel, sandbags for the stand bases",1,40,120,40,120,allowance,Hardware allowance; the rigging kit's slings and swivel are reused.
"Option B truss goalpost, artist-funded, with contingency",Total with 20% contingency,,,,1010,1824,,
Artist in-kind,Artist-owned aerial rig (model and attachment height to confirm),,,,,,committed,The hanger Andrew already owns. Its manual decides the permitted load and the sphere must fit between the legs; see the fit check in the schematics.
Artist in-kind,Artist-owned hazer,,,,,,committed,Zero acquisition cost (P015). Fills the zorb with haze during inflation so the sphere glows as a volume and the cameras inside keep their view; fluid is a consumable.
Artist in-kind,Artist-owned laptop as the real-time compositing host,,,,,,committed,"Pre-owned (October 1, 2026). Composites the two phone feeds with the moon film and streams the finished picture to the output node, or drives the heads directly over HDMI."
Artist in-kind,Artist-owned UniFi router for the private Wi-Fi,,,,,,committed,"Owned (October 1, 2026). Carries phones, laptop and output node on one private network with no internet; nothing is stored."
Artist in-kind,2021 Ram 2500 Mega Cab for transport,,,,,,committed,"Transport only; it carries no load and is not part of the 2027 art. Parking it at the camp as scenery is a stretch goal for later (Andrew, October 1, 2026)."
Artist in-kind,"Existing design work: v3 and v4 design packages, projection diagnostics, content studies",,,,,,committed,Already produced; see the project site.
Artist in-kind,"Artist labor: content authoring, bench tests, build, two-day install, nightly operation, strike",,,,,,pending,Crew names and hours to be entered by Andrew.
Artist in-kind,"Fuel, tolls and travel to Virginia Key and back",,,,,,pending,Artist-funded; amount depends on the route and is not estimated here.
Requested from Love Burn,Cash grant toward the Tier 1 cash list,,,,,,requested,Target set in the ledger from Love Burn's published per-project averages.
Requested from Love Burn,Artist tickets for the build and operating crew,,,,,,requested,Count to be entered by Andrew; tickets depend on an approved proposal.
Requested from Love Burn,"One 120 V 20 A outdoor circuit at the placement, dusk to midnight",,,,,,requested,Measured load schedule follows the bench test.
Requested from Love Burn,"Dry-land placement with a 10 x 10 m footprint, a clear overhead for the rig, and 1.5 m of clear ground around the legs",,,,,,requested,Shoreline or over-water placement is not requested for 2027.
Requested from Love Burn,"Cash grant requested (Seed Grant ($600 to $3,000))",,,,3000,3000,requested,Covers the low build in full; the artist covers any remainder
Requested from Love Burn,Crew tickets requested,3,,,,,requested,The form values crew tickets at $500 each
