id,item,module,quantity,unit,quantity_status,configurations,alternative_group,ownership,status,incremental_purchase_usd,notes
ZC-S25,Occupied sphere — 2.5 m alternative,SPHERE,1,sphere,nominal concept count; verify accepted design,"G25, S25",sphere-size,unconfirmed,blocked,,Select exact stationary occupied-use product; nominal size only.
ZC-S30,Occupied sphere — 3 m alternative,SPHERE,1,sphere,nominal concept count; verify accepted design,"G30, S30",sphere-size,unconfirmed,blocked,,"Alternative to S25; fit, weight and delivered cost unconfirmed."
ZC-S02,Manufacturer-specified inflation blower/pump,SPHERE,1,unit,nominal concept count; verify accepted design,"G25, G30, S25, S30",,unconfirmed,blocked,,Match selected sphere instructions; may be included in sphere package.
ZC-S03,"Inflation adapters, valve tools and closure parts",SPHERE,1,kit,package quantity; components pending specification,"G25, G30, S25, S30",,unconfirmed,blocked,,Kit contents depend on actual valve and blower; no generic sealed-ball assumption.
ZC-S04,Inflation measurement / pressure control,SPHERE,1,kit,package quantity; components pending specification,"G25, G30, S25, S30",,unconfirmed,blocked,,Method and range required by manufacturer; not a guessed pressure setting.
ZC-S05,"Compatible repair patches, adhesive and valve spares",SPHERE,1,kit,package quantity; components pending specification,"G25, G30, S25, S30",,unconfirmed,blocked,,Product-specific materials and curing/repair limits; confirm shelf life.
ZC-S06,Sphere groundsheet and protective transport bag,SPHERE,1,set,package quantity; components pending specification,"G25, G30, S25, S30",,unconfirmed,blocked,,Measure packed size; keep metal separate.
ZC-F01,Three straight triangle members,HOLDER,3,members,nominal concept count; verify accepted design,"G25, G30, S25, S30",,unconfirmed,blocked,,"Nominal 3.118 m side geometry, not cut length; grade/section/wall pending review."
ZC-F02,Identified rolled support ring,HOLDER,1,assembly,nominal concept count; verify accepted design,"G25, G30, S25, S30",ring-route,unconfirmed,blocked,,Nominal 1.8288 m centreline diameter; specification and joints unresolved.
ZC-F03,Measured donor trampoline ring alternative,HOLDER,1,assembly,nominal concept count; verify accepted design,"G25, G30, S25, S30",ring-route,unconfirmed,maybe,,Alternative to F02 only if actual donor and modified duty accepted; no inherited rating.
ZC-F04,Three loop-to-triangle support interfaces,HOLDER,3,assemblies,nominal concept count; verify accepted design,"G25, G30, S25, S30",,unconfirmed,blocked,,Resolve nominal 14.4 mm centreline overhang and contact distribution.
ZC-F05,Three corner plates / nodes,HOLDER,3,assemblies,nominal concept count; verify accepted design,"G25, G30, S25, S30",,unconfirmed,blocked,,"Plate thickness, holes, welds and joint retention not specified by visual CAD."
ZC-F06,Broad underside / deflation support,HOLDER,1,system,package quantity; components pending specification,"G25, G30, S25, S30",,unconfirmed,blocked,,Design required: ring alone must not be assumed to support a deflated occupied sphere.
ZC-F07,Loop padding and permitted contact protection,HOLDER,1,kit,package quantity; components pending specification,"G25, G30, S25, S30",,unconfirmed,blocked,,Contact materials/thickness/coverage depend on selected sphere and review.
ZC-F08,"Holder fasteners, retainers and replaceable joint parts",HOLDER,1,lot,package quantity; components pending specification,"G25, G30, S25, S30",,unconfirmed,blocked,,"Actual counts, sizes, grades and locking method come from accepted drawing."
ZC-F09,"Edge caps, finish and corrosion protection",HOLDER,1,kit,package quantity; components pending specification,"G25, G30, S25, S30",,unconfirmed,blocked,,Keep treatment compatible with soft sphere; cover sharp edges.
ZC-F10,Fabrication consumables and shop stock,HOLDER,1,lot,package quantity; components pending specification,"G25, G30, S25, S30, O30",,unconfirmed,blocked,,Cutting/welding/abrasives/shielding and jig materials; accepted material traceability.
ZC-L01,Detachable splayed leg assemblies,LANDER,3,assemblies,nominal concept count; verify accepted design,"G25, G30, S25, S30",,unconfirmed,blocked,,Two side legs and one rear; length/joints differ for sphere sizes; no front-centre leg.
ZC-L02,Leg braces / restraints,LANDER,3,concept positions,nominal concept count; verify accepted design,"G25, G30, S25, S30",,unconfirmed,blocked,,"CAD shows three; final member count and layout require reviewed design, keep entrance clear."
ZC-L03,Broad footpads and ground protection,LANDER,3,pad assemblies,nominal concept count; verify accepted design,"G25, G30, S25, S30",,unconfirmed,blocked,,"Actual area, bearing and surface preparation determined by reviewed ground reactions."
ZC-L04,"Leg pins, keepers and attachment hardware",LANDER,1,lot,package quantity; components pending specification,"G25, G30, S25, S30",,unconfirmed,blocked,,Retained joint system with actual quantities from drawing; no generic quick-release approval.
ZC-L05,Ground ballast / accepted restraint,LANDER,1,system,package quantity; components pending specification,"G25, G30, S25, S30, O30",,unconfirmed,blocked,,"Mass, location and quantity unresolved; no guessed sandbag count; never in approach."
ZC-R01,Three over-sphere webbing paths,SUSPENSION,3,assemblies,nominal concept count; verify accepted design,"S25, S30",,unconfirmed,blocked,,"Lengths/widths/terminations, skin contact and permitted duty require complete design."
ZC-R02,Webbing contact guards and interface protection,SUSPENSION,1,kit,package quantity; components pending specification,"S25, S30",,unconfirmed,blocked,,Map seams and permitted contact; count after path design.
ZC-R03,Top collector / master ring,SUSPENSION,1,unit,nominal concept count; verify accepted design,"S25, S30",,unconfirmed,blocked,,Exact hardware compatibility and intended duty required; CAD is envelope only.
ZC-R04,Lyra-style swivel candidate,SUSPENSION,1,unit,nominal concept count; verify accepted design,"S25, S30",,unconfirmed,blocked,,Choose only for reviewed complete system and loading; breaking strength is not WLL.
ZC-R05,Controlled lowering / hoisting system,SUSPENSION,1,system,package quantity; components pending specification,"S25, S30",,unconfirmed,blocked,,Exact hoist/halyard/block/brake/locks chosen by rigger; no improvised occupied lift recipe.
ZC-R06,Rated connection hardware schedule,SUSPENSION,1,lot,package quantity; components pending specification,"S25, S30",,unconfirmed,blocked,,Shackles/connectors and retention counted from reviewed connections.
ZC-R07,Reviewer-defined backup / recovery provisions,SUSPENSION,1,system,package quantity; components pending specification,"S25, S30",,unconfirmed,blocked,,Do not assume a loose backup line constitutes engineered redundancy.
ZC-R08,Anti-rotation / position-control arrangement,SUSPENSION,1,system,package quantity; components pending specification,"S25, S30",,unconfirmed,blocked,,Must not add uncontrolled side load or obstruct entry; define rotation/cable limits.
ZC-R09,Ground receiving and lowering support,SUSPENSION,1,system,package quantity; components pending specification,"S25, S30",,unconfirmed,blocked,,May reuse accepted lander components; count reused parts once.
ZC-R10,"Inspection tags, protection bags and rigging log",SUSPENSION,1,kit,package quantity; components pending specification,"S25, S30",,unconfirmed,blocked,,"Record serials, inspections, damage and retirement criteria."
ZC-A01,Actual aerial rig candidate,HOST,1,rig,nominal concept count; verify accepted design,"S25, S30",host,unconfirmed,blocked,,"Ownership asserted in older ledger, not confirmed in this chat/inventory; identify exact rig/manual."
ZC-A02,Purpose-designed gantry / tripod alternative,HOST,1,system,package quantity; components pending specification,"S25, S30",host,unconfirmed,maybe,,Unpriced alternative host requiring its own reviewed design and inspection.
ZC-A03,Lighting-truss / crank-stand host investigation,HOST,1,review package,package quantity; components pending specification,"S25, S30",host,unconfirmed,maybe,,No occupied use until exact manufacturer and reviewer permit it; do not buy generic stands.
ZC-A04,Existing point / tree host investigation,HOST,1,site assessment,nominal concept count; verify accepted design,"S25, S30",host,unconfirmed,maybe,,"Venue permission, support assessment and site-specific review; no assumed park tree anchor."
ZC-A05,Host footing / spread restraints / ballast,HOST,1,system,package quantity; components pending specification,"S25, S30",,unconfirmed,blocked,,Specify against exact host and ground/wind conditions; separate from lander footpads.
ZC-P01,Standard-throw projector candidates,PROJECTION,1,selection lot,package quantity; components pending specification,"G25, G30, S25, S30, O30",projector-class,unconfirmed,maybe,,"Select P1=1 or P2=2; P4=4 is later scope. Exact SKU/throw/delivered cost unknown; historical HD146X is reference only. Workbook reference candidates are catalogued separately, not owned inventory."
ZC-P02,Short-throw projector candidates,PROJECTION,1,selected optical package,"package contains P1=1, P2=2 or P3=3 heads; choose one","G25, G30, S25, S30, O30",projector-class,unconfirmed,maybe,,"Short throw is valid for P1=1, P2=2 or P3=3; three is not a minimum. See docs/projector-workbook-options.md and assets/projector-workbook-catalog.json. Source prices are dated references, not acquisition quotes or ownership. Single-head focus trial first."
ZC-P03,Triangle-mounted optical arms,PROJECTION,3,positions in modeled P3,nominal concept count; verify accepted design,"G25, G30, S25, S30",,unconfirmed,blocked,,"P1=1, P2=2, P3=3; P4 needs new fourth support design. Model 2 m/30 degrees is not structural sizing."
ZC-P04,Projector mount plates / aiming hardware,PROJECTION,1,set per chosen head count,package quantity; components pending specification,"G25, G30, S25, S30, O30",,unconfirmed,blocked,,One per selected head; approved mount and retention; hardware specification pending.
ZC-P05,Ventilated rain and salt-spray canopies,PROJECTION,1,set per chosen head count,package quantity; components pending specification,"G25, G30, S25, S30, O30",,unconfirmed,blocked,,One per selected head; no sealed hot box or claimed weather rating.
ZC-P06,Canopy brackets and retained fasteners,PROJECTION,1,lot,package quantity; components pending specification,"G25, G30, S25, S30, O30",,unconfirmed,blocked,,Quantity after exact head/hood design; includes open ventilation and service clearance.
ZC-P07,Arm stays / brace / balance provisions,PROJECTION,1,reviewed set,package quantity; components pending specification,"G25, G30, S25, S30",,unconfirmed,blocked,,Lifted stays and ground-arm load paths differ; reviewer-defined complete payload.
ZC-P08,Equipment secondary retention,PROJECTION,1,set,package quantity; components pending specification,"G25, G30, S25, S30, O30",,unconfirmed,blocked,,Correct attachment points and exact head/hood count; compatible intended duty.
ZC-P09,Independent projector stands alternative,PROJECTION,1,selected-head set,package quantity; components pending specification,"G25, G30, S25, S30, O30",projection-support,unconfirmed,maybe,,"Optional alternative to arms, adds footprint/cables/ballast; not P3 modeled baseline."
ZC-P10,Playback/compositing laptop candidate,CONTROL,1,unit,nominal concept count; verify accepted design,"G25, G30, S25, S30, O30",,unconfirmed,blocked,,Older ledger says owned; actual unit/ports/GPU/performance not confirmed here.
ZC-P11,Optional output mini PC / node,CONTROL,1,unit,nominal concept count; verify accepted design,"G25, G30, S25, S30, O30",,unconfirmed,maybe,,Omit if verified laptop direct output suffices; check independent outputs before buying.
ZC-P12,HDMI / video adapters and leads,CONTROL,1,loom,package quantity; components pending specification,"G25, G30, S25, S30, O30",,unconfirmed,blocked,,Exact count equals output path; lengths after measured routing; no fixed generic cable length.
ZC-P13,Local network router / AP candidate,CONTROL,1,unit,nominal concept count; verify accepted design,"G25, G30, S25, S30, O30",,unconfirmed,blocked,,Older ledger mentions owned UniFi; verify real inventory and capability; no internet required by plan.
ZC-P14,"Data cables, node enclosure and strain relief",CONTROL,1,kit,package quantity; components pending specification,"G25, G30, S25, S30, O30",,unconfirmed,blocked,,Count after architecture selection; preserve ventilation and weather protection.
ZC-P15,"Content, playback/mapping configuration and backup",CONTROL,1,show package,package quantity; components pending specification,"G25, G30, S25, S30, O30",,unconfirmed,blocked,,Use existing project assets; verify software/licence/capture support and offline startup.
ZC-P16,Attendant blackout / stop control,CONTROL,1,system,package quantity; components pending specification,"G25, G30, S25, S30, O30",,unconfirmed,blocked,,"Test stop on feed loss, restart and operator input; not a safety-rated control claim."
ZC-D01,LED fixtures / diffusion candidate kit,LED,1,kit,package quantity; components pending specification,"G25, G30, S25, S30, O30",,unconfirmed,blocked,,Fixture/strip count and lengths follow optical test; allocation ceiling $150 with control.
ZC-D02,"LED supply, controller and participant control",LED,1,kit,package quantity; components pending specification,"G25, G30, S25, S30, O30",,unconfirmed,blocked,,"Match actual rated equipment; quote with D01 inside shared ceiling, not an extra $150."
ZC-C01,Participant phones / cameras,CAPTURE,1,selection lot,package quantity; components pending specification,"G25, G30, S25, S30, O30",,unconfirmed,maybe,,"C1=1, C2=2; ownership/model unknown; internal location conditional on sphere approval."
ZC-C02,Camera mounts / external arm / retention,CAPTURE,1,selected-camera set,package quantity; components pending specification,"G25, G30, S25, S30, O30",,unconfirmed,maybe,,One secure mounting arrangement per selected camera; no edge/heat/contact or entry conflict.
ZC-C03,Camera power banks / supplies and restrained leads,CAPTURE,1,selected-camera set,package quantity; components pending specification,"G25, G30, S25, S30, O30",,unconfirmed,maybe,,Temperature/runtime and secured location checked; count by actual devices.
ZC-C04,Live-feed software / compositing configuration,CAPTURE,1,configuration,nominal concept count; verify accepted design,"G25, G30, S25, S30, O30",,unconfirmed,maybe,,"Consent, local streaming, default no recording, feed-loss fallback and latency test."
ZC-H01,Andrew's owned large external hazer,HAZE,1,unit,nominal concept count; verify accepted design,"G25, G30, S25, S30, O30",,Andrew-confirmed owned,have,0,"User-confirmed owned; model, measured dimensions, fluid, power and condition still unknown."
ZC-H02,Manufacturer-approved haze fluid,HAZE,1,consumables lot,package quantity; components pending specification,"G25, G30, S25, S30, O30",,unconfirmed,maybe,,Fluid type/quantity after exact manual and duty plan; not zero just because hazer is owned.
ZC-H03,Hazer weather/ground protection and stop control,HAZE,1,kit,package quantity; components pending specification,"G25, G30, S25, S30, O30",,unconfirmed,maybe,,Rear/below placement; manual clearances and venue approval; no hose into occupied sphere.
ZC-E01,Approved electrical supply / distribution plan,ELECTRICAL,1,supply arrangement,nominal concept count; verify accepted design,"G25, G30, S25, S30, O30",,unconfirmed,blocked,,"Venue supply unconfirmed; actual load calculation includes blower, AV and haze."
ZC-E02,Outdoor power cords and distribution,ELECTRICAL,1,loom,package quantity; components pending specification,"G25, G30, S25, S30, O30",,unconfirmed,blocked,,"Ratings, circuit count and lengths after load/route survey; no cord through entry."
ZC-E03,Required GFCI / electrical protection,ELECTRICAL,1,system,package quantity; components pending specification,"G25, G30, S25, S30, O30",,unconfirmed,blocked,,Select and test to actual supply/equipment/site requirements; competent electrical review.
ZC-E04,Weatherproof connections / raised distribution enclosure,ELECTRICAL,1,kit,package quantity; components pending specification,"G25, G30, S25, S30, O30",,unconfirmed,blocked,,"Use equipment with suitable actual ratings, drip routing and ventilation."
ZC-E05,Cable ramps / covers / identification / ties,ELECTRICAL,1,route kit,package quantity; components pending specification,"G25, G30, S25, S30, O30",,unconfirmed,blocked,,Count and lengths from final layout; central front approach kept free.
ZC-E06,Generator alternative investigation,ELECTRICAL,1,supply option,nominal concept count; verify accepted design,"G25, G30, S25, S30, O30",power-source,unconfirmed,maybe,,Only if venue permits and actual load/noise/fuel/placement priced; outside base allowance.
ZC-O01,Open surround scenic frame,SURROUND,1,frame,nominal concept count; verify accepted design,O30,,unconfirmed,blocked,,"O30 only, scenery loads; material/joints/feet reviewed, no occupant suspension."
ZC-O02,Scenic diffusion panels / mesh,SURROUND,1,measured set,package quantity; components pending specification,O30,,unconfirmed,blocked,,Area/count and material documentation after optical/venue tests.
ZC-O03,"Panel fasteners, edge protection and removable joints",SURROUND,1,kit,package quantity; components pending specification,O30,,unconfirmed,blocked,,"Specify for actual material/weather, keep entry open."
ZC-O04,Independent supported seat alternative,SURROUND,1,unit,nominal concept count; verify accepted design,O30,,unconfirmed,maybe,,Optional ground-supported seat; no homemade suspended seat presumed.
ZC-T01,Andrew's pipe bender,TOOLS,1,tool,nominal concept count; verify accepted design,"G25, G30, S25, S30, O30",,Andrew-confirmed owned,have,0,"User-confirmed owned; die size, material/wall capacity and tooling still to measure."
ZC-T02,Denhac fabrication access / booking,TOOLS,1,booking,nominal concept count; verify accepted design,"G25, G30, S25, S30, O30",,access confirmed; booking unconfirmed,blocked,,"Andrew-confirmed access; training, equipment time and consumables not reserved."
ZC-T03,Welding/cutting/drilling/measurement equipment,TOOLS,1,shop checklist,nominal concept count; verify accepted design,"G25, G30, S25, S30, O30",,unconfirmed,blocked,,Use available accepted tools after capability/authorization checks; do not buy a full shop.
ZC-T04,Fabricator help / crew labour commitment,TOOLS,1,agreed work package,package quantity; components pending specification,"G25, G30, S25, S30, O30",,unconfirmed,blocked,,Odd Todd is a possible collaborator; hours/role not yet committed; no assumed free service.
ZC-T05,Shop PPE / fire protection / safe work supplies,TOOLS,1,shop kit,package quantity; components pending specification,"G25, G30, S25, S30, O30",,unconfirmed,blocked,,Follow actual shop rules and fabrication method; verify available stock.
ZC-V01,Sphere and support engineering / rigging review,SERVICES,1,review package,package quantity; components pending specification,"G25, G30, S25, S30",,unconfirmed,blocked,,"Scope includes occupied support, contact, deflation, access, wind and selected lifted mode."
ZC-V02,Venue approval / permits / insurance,SERVICES,1,approval package,package quantity; components pending specification,"G25, G30, S25, S30, O30",,unconfirmed,blocked,,Scope and cost confirmed with actual project; application or conversation is not approval.
ZC-V03,Electrical and optical commissioning,SERVICES,1,commissioning package,package quantity; components pending specification,"G25, G30, S25, S30, O30",,unconfirmed,blocked,,"Record power protection, loads, coverage, heat, blackouts and cable layout."
ZC-V04,Qualified operator/spotter/recovery staffing,SERVICES,1,staffing plan,nominal concept count; verify accepted design,"G25, G30, S25, S30, O30",,unconfirmed,blocked,,"Names, training, shifts and stop authority agreed before occupied operation."
ZC-K01,Assembly labels / hardware bags / inventory sheets,LOGISTICS,1,kit,package quantity; components pending specification,"G25, G30, S25, S30, O30",,unconfirmed,blocked,,Mark FRONT and matching joints; scan/count before load and after strike.
ZC-K02,Transport cases / padding / securement,LOGISTICS,1,measured kit,package quantity; components pending specification,"G25, G30, S25, S30, O30",,unconfirmed,blocked,,Count by actual equipment; transport vehicle capacity and load security checked.
ZC-K03,Cleaning / lens cloths / approved repair spares,LOGISTICS,1,kit,package quantity; components pending specification,"G25, G30, S25, S30, O30",,unconfirmed,blocked,,No unapproved sphere solvent or adhesive; consumable quantities from rehearsal.
ZC-K04,Site cleanup / LNT supplies,LOGISTICS,1,kit,package quantity; components pending specification,"G25, G30, S25, S30, O30",,unconfirmed,blocked,,"Collect small hardware, tape and waste; preserve site/return condition."
ZC-K05,Weather monitoring / communication / inspection log,LOGISTICS,1,operations kit,package quantity; components pending specification,"G25, G30, S25, S30, O30",,unconfirmed,blocked,,Tools and trigger values from operating plan; weather limits not invented.
ZC-K06,Participant information / camera consent / entry signage,LOGISTICS,1,set,package quantity; components pending specification,"G25, G30, S25, S30, O30",,unconfirmed,blocked,,Explain participation and stop/exit; signage does not replace direct supervision.
ZC-K07,"Freight, transport, tax and return provision",LOGISTICS,1,cost schedule,nominal concept count; verify accepted design,"G25, G30, S25, S30, O30",,unconfirmed,blocked,,Quote actual selected kit and travel; avoid counting freight twice in delivered sphere quote.
