morpheme,category,vibes,syllables,mood,era
enceladus,enceladus_ice,art;water;play,4,playful,modern
ice,enceladus_ice,art;water;play,1,playful,modern
cryo,enceladus_ice,art;water;play,2,playful,modern
brine,enceladus_ice,art;water;play,1,playful,modern
fissure,enceladus_ice,art;water;play,2,playful,modern
tigerstripe,enceladus_ice,art;water;play,3,playful,modern
plume,enceladus_ice,art;water;play,1,playful,modern
geyser,enceladus_ice,art;water;play,2,playful,modern
rime,enceladus_ice,art;water;play,1,playful,modern
frost,enceladus_ice,art;water;play,1,playful,modern
fracture,enceladus_ice,art;water;play,2,playful,modern
vent,enceladus_ice,art;water;play,1,playful,modern
saturn,saturn_orbit,art;water;play,2,playful,modern
cassini,saturn_orbit,art;water;play,3,playful,modern
titan,saturn_orbit,art;water;play,2,playful,modern
mimas,saturn_orbit,art;water;play,2,playful,modern
tethys,saturn_orbit,art;water;play,2,playful,modern
dione,saturn_orbit,art;water;play,3,playful,modern
rhea,saturn_orbit,art;water;play,2,playful,modern
orbit,saturn_orbit,art;water;play,2,playful,modern
ringlet,saturn_orbit,art;water;play,2,playful,modern
syzygy,saturn_orbit,art;water;play,3,playful,modern
apsis,saturn_orbit,art;water;play,2,playful,modern
annulus,saturn_orbit,art;water;play,3,playful,modern
moon,moon_phases,art;water;play,1,playful,modern
luna,moon_phases,art;water;play,2,playful,modern
selene,moon_phases,art;water;play,3,playful,modern
crescent,moon_phases,art;water;play,2,playful,modern
gibbous,moon_phases,art;water;play,2,playful,modern
eclipse,moon_phases,art;water;play,2,playful,modern
moonlet,moon_phases,art;water;play,2,playful,modern
lunar,moon_phases,art;water;play,2,playful,modern
wax,moon_phases,art;water;play,1,playful,modern
wane,moon_phases,art;water;play,1,playful,modern
umbra,moon_phases,art;water;play,2,playful,modern
terminator,moon_phases,art;water;play,4,playful,modern
ocean,hidden_ocean,art;water;play,2,playful,modern
abyss,hidden_ocean,art;water;play,2,playful,modern
pelagic,hidden_ocean,art;water;play,3,playful,modern
aquifer,hidden_ocean,art;water;play,3,playful,modern
depth,hidden_ocean,art;water;play,1,playful,modern
deep,hidden_ocean,art;water;play,1,playful,modern
salt,hidden_ocean,art;water;play,1,playful,modern
spring,hidden_ocean,art;water;play,1,playful,modern
subsea,hidden_ocean,art;water;play,2,playful,modern
undertow,hidden_ocean,art;water;play,3,playful,modern
fathom,hidden_ocean,art;water;play,2,playful,modern
tidal,hidden_ocean,art;water;play,2,playful,modern
zorb,zorb_sphere,art;water;play,1,playful,modern
sphere,zorb_sphere,art;water;play,1,playful,modern
orb,zorb_sphere,art;water;play,1,playful,modern
globe,zorb_sphere,art;water;play,1,playful,modern
bubble,zorb_sphere,art;water;play,2,playful,modern
membrane,zorb_sphere,art;water;play,2,playful,modern
bounce,zorb_sphere,art;water;play,1,playful,modern
wobble,zorb_sphere,art;water;play,2,playful,modern
bobble,zorb_sphere,art;water;play,2,playful,modern
round,zorb_sphere,art;water;play,1,playful,modern
roll,zorb_sphere,art;water;play,1,playful,modern
tumble,zorb_sphere,art;water;play,2,playful,modern
lumen,projection_light,art;water;play,2,playful,modern
beam,projection_light,art;water;play,1,playful,modern
glow,projection_light,art;water;play,1,playful,modern
gleam,projection_light,art;water;play,1,playful,modern
halo,projection_light,art;water;play,2,playful,modern
photon,projection_light,art;water;play,2,playful,modern
lantern,projection_light,art;water;play,2,playful,modern
radiance,projection_light,art;water;play,3,playful,modern
flicker,projection_light,art;water;play,2,playful,modern
project,projection_light,art;water;play,2,playful,modern
cast,projection_light,art;water;play,1,playful,modern
image,projection_light,art;water;play,2,playful,modern
lens,lensing_optics,art;water;play,1,playful,modern
prism,lensing_optics,art;water;play,1,playful,modern
refract,lensing_optics,art;water;play,2,playful,modern
caustic,lensing_optics,art;water;play,2,playful,modern
fresnel,lensing_optics,art;water;play,2,playful,modern
lensing,lensing_optics,art;water;play,2,playful,modern
parallax,lensing_optics,art;water;play,3,playful,modern
iris,lensing_optics,art;water;play,2,playful,modern
focus,lensing_optics,art;water;play,2,playful,modern
mirror,lensing_optics,art;water;play,2,playful,modern
facet,lensing_optics,art;water;play,2,playful,modern
diffract,lensing_optics,art;water;play,2,playful,modern
morph,morphing_states,art;water;play,1,playful,modern
dissolve,morphing_states,art;water;play,2,playful,modern
crossfade,morphing_states,art;water;play,2,playful,modern
fluid,morphing_states,art;water;play,2,playful,modern
melt,morphing_states,art;water;play,1,playful,modern
phase,morphing_states,art;water;play,1,playful,modern
shift,morphing_states,art;water;play,1,playful,modern
metamorph,morphing_states,art;water;play,3,playful,modern
liminal,morphing_states,art;water;play,3,playful,modern
flux,morphing_states,art;water;play,1,playful,modern
become,morphing_states,art;water;play,2,playful,modern
blend,morphing_states,art;water;play,1,playful,modern
ripple,water_motion,art;water;play,2,playful,modern
tide,water_motion,art;water;play,1,playful,modern
wave,water_motion,art;water;play,1,playful,modern
eddy,water_motion,art;water;play,2,playful,modern
wash,water_motion,art;water;play,1,playful,modern
foam,water_motion,art;water;play,1,playful,modern
splash,water_motion,art;water;play,1,playful,modern
lagoon,water_motion,art;water;play,2,playful,modern
current,water_motion,art;water;play,2,playful,modern
drift,water_motion,art;water;play,1,playful,modern
swell,water_motion,art;water;play,1,playful,modern
surf,water_motion,art;water;play,1,playful,modern
body,human_presence,art;water;play,2,playful,modern
breath,human_presence,art;water;play,1,playful,modern
pulse,human_presence,art;water;play,1,playful,modern
skin,human_presence,art;water;play,1,playful,modern
gesture,human_presence,art;water;play,2,playful,modern
visage,human_presence,art;water;play,2,playful,modern
silhouette,human_presence,art;water;play,3,playful,modern
presence,human_presence,art;water;play,2,playful,modern
kinetic,human_presence,art;water;play,3,playful,modern
soma,human_presence,art;water;play,2,playful,modern
anima,human_presence,art;water;play,3,playful,modern
dancer,human_presence,art;water;play,2,playful,modern
love,love_burn,art;water;play,1,playful,modern
burn,love_burn,art;water;play,1,playful,modern
ember,love_burn,art;water;play,2,playful,modern
kindle,love_burn,art;water;play,2,playful,modern
spark,love_burn,art;water;play,1,playful,modern
flame,love_burn,art;water;play,1,playful,modern
hearth,love_burn,art;water;play,1,playful,modern
campfire,love_burn,art;water;play,2,playful,modern
gift,love_burn,art;water;play,1,playful,modern
gather,love_burn,art;water;play,2,playful,modern
revel,love_burn,art;water;play,2,playful,modern
carnival,love_burn,art;water;play,3,playful,modern
frolic,play_delight,art;water;play,2,playful,modern
gambol,play_delight,art;water;play,2,playful,modern
romp,play_delight,art;water;play,1,playful,modern
cuddle,play_delight,art;water;play,2,playful,modern
wonder,play_delight,art;water;play,2,playful,modern
delight,play_delight,art;water;play,2,playful,modern
mischief,play_delight,art;water;play,2,playful,modern
confetti,play_delight,art;water;play,3,playful,modern
whimsy,play_delight,art;water;play,2,playful,modern
giggle,play_delight,art;water;play,2,playful,modern
froth,play_delight,art;water;play,1,playful,modern
jolly,play_delight,art;water;play,2,playful,modern
